{"episode_rewards": [904.6999999999865, 912.8999999999858, 919.2999999999855, 469.9461538461436, 914.8999999999855, 896.5329966329786, 903.999999999984, 903.9999999999795, 889.4104895104725, 903.6999999999804, 922.2999999999864, 877.5951672862294, 870.2947368420877, 920.899999999986, 903.7999999999896], "mean": 874.2853029411842, "std": 109.03008543586766}