{"episode_rewards": [907.0999999999875, 914.1999999999869, 918.6999999999857, 794.1307692307545, 918.9999999999868, 893.1659932659761, 893.4897435897276, 902.7999999999798, 908.3999999999849, 912.3999999999827, 914.6999999999862, 788.375836431211, 905.1999999999853, 917.7999999999862, 908.5999999999918], "mean": 893.2041561678342, "std": 40.73770784077109}
