{"episode_rewards": [912.599999999988, 893.3210526315623, 871.8298245613843, 896.6948717948549, 921.3999999999867, 893.1659932659743, 387.0794871794737, 893.5305732483863, 892.9069930069747, 893.0740614334261, 886.106896551706, 896.1825278810253, 686.0842105262993, 925.7999999999871, 889.6959183673356], "mean": 849.2981606965575, "std": 134.88744019624994}