{"episode_rewards": [914.9999999999889, 910.3999999999861, 925.5999999999864, 861.4384615384449, 305.4944055943903, 893.1659932659759, 911.099999999985, 896.7152866241826, 915.3999999999853, 909.4999999999823, 910.5999999999849, 904.9999999999851, 911.3999999999857, 927.3999999999876, 901.8999999999905], "mean": 866.6742764681894, "std": 150.72782518705856}