{"number_episodes": 5, "episode_rewards": [916.0999999999934, 906.4999999999792, 908.1999999999842, 915.7999999999838, 903.0999999999806], "mean_all_episodes": 909.9399999999844, "std_all_episodes": 5.17555794094111}