{"number_episodes": 5, "episode_rewards": [915.0999999999843, 926.4999999999925, 909.5999999999849, 900.4999999999782, 895.2999999999793], "mean_all_episodes": 909.3999999999838, "std_all_episodes": 10.98143888568827}