{"number_episodes": 6, "episode_rewards": [919.0999999999871, 912.0999999999915, 921.2999999999868, 927.8999999999919, 928.1999999999854, 896.999999999982], "mean_all_episodes": 917.5999999999875, "std_all_episodes": 10.716031603787384}