{"number_episodes": 5, "episode_rewards": [903.799999999979, 909.8999999999836, 914.6999999999805, 903.6999999999802, 911.8999999999825], "mean_all_episodes": 908.7999999999813, "std_all_episodes": 4.396362132491753}