{"number_episodes": 5, "episode_rewards": [903.5999999999898, 915.099999999992, 906.5999999999834, 895.9999999999791, 899.799999999979], "mean_all_episodes": 904.2199999999846, "std_all_episodes": 6.5042755169240465}