{"number_episodes": 6, "episode_rewards": [924.7999999999934, 919.5999999999935, 928.8999999999927, 912.0999999999912, 920.2999999999881, 918.8999999999861], "mean_all_episodes": 920.7666666666574, "std_all_episodes": 5.205659313564299}