{"number_episodes": 6, "episode_rewards": [913.8999999999915, 899.3999999999794, 913.9999999999811, 928.2999999999955, 924.7999999999895, 927.8999999999851], "mean_all_episodes": 918.049999999987, "std_all_episodes": 10.239588207869694}