{"number_episodes": 5, "episode_rewards": [916.8999999999864, 915.69999999999, 893.6999999999832, 916.1999999999827, 916.3999999999876], "mean_all_episodes": 911.7799999999859, "std_all_episodes": 9.048182137867494}