{"number_episodes": 5, "episode_rewards": [920.4999999999839, 903.5999999999843, 915.6999999999923, 922.7999999999932, 916.6999999999931], "mean_all_episodes": 915.8599999999893, "std_all_episodes": 6.64427573178795}